,ID,Pred
0,2018_3110_3113,0.14716356624989715
1,2018_3110_3114,0.49053418760334466
2,2018_3110_3124,0.011969251935063926
3,2018_3110_3125,0.23780006524289085
4,2018_3110_3129,0.7963905154080477
5,2018_3110_3138,0.29811877228459044
6,2018_3110_3141,0.29811877228459044
7,2018_3110_3143,0.14716356624989715
8,2018_3110_3163,0.012634506405823741
9,2018_3110_3166,0.29811877228459044
10,2018_3110_3169,0.7963905154080477
11,2018_3110_3173,0.2702396452334184
12,2018_3110_3177,0.08029039874218333
13,2018_3110_3179,0.4360426425162045
14,2018_3110_3181,0.08029039874218333
15,2018_3110_3189,0.4360426425162045
16,2018_3110_3195,0.23780006524289085
17,2018_3110_3199,0.026576397243336863
18,2018_3110_3203,0.49053418760334466
19,2018_3110_3208,0.026442458168034925
20,2018_3110_3211,0.4360426425162045
21,2018_3110_3212,0.5722033065631891
22,2018_3110_3234,0.15418010034476293
23,2018_3110_3251,0.49053418760334466
24,2018_3110_3257,0.012634506405823741
25,2018_3110_3261,0.15418010034476293
26,2018_3110_3263,0.5722033065631891
27,2018_3110_3266,0.1779940242774744
28,2018_3110_3268,0.08029039874218333
29,2018_3110_3273,0.4360426425162045
30,2018_3110_3274,0.1779940242774744
31,2018_3110_3276,0.14716356624989715
32,2018_3110_3278,0.2055274829043708
33,2018_3110_3280,0.012634506405823741
34,2018_3110_3281,0.08029039874218333
35,2018_3110_3294,0.2055274829043708
36,2018_3110_3299,0.5722033065631891
37,2018_3110_3301,0.026442458168034925
38,2018_3110_3304,0.2055274829043708
39,2018_3110_3311,0.7963905154080477
40,2018_3110_3323,0.012634506405823741
41,2018_3110_3326,0.026576397243336863
42,2018_3110_3328,0.23780006524289085
43,2018_3110_3329,0.2702396452334184
44,2018_3110_3332,0.011969251935063926
45,2018_3110_3333,0.15418010034476293
46,2018_3110_3343,0.23780006524289085
47,2018_3110_3346,0.2702396452334184
48,2018_3110_3355,0.1779940242774744
49,2018_3110_3370,0.5722033065631891
50,2018_3110_3376,0.011969251935063926
51,2018_3110_3378,0.15418010034476293
52,2018_3110_3384,0.7963905154080477
53,2018_3110_3390,0.026442458168034925
54,2018_3110_3393,0.1779940242774744
55,2018_3110_3397,0.026576397243336863
56,2018_3110_3400,0.011969251935063926
57,2018_3110_3401,0.026442458168034925
58,2018_3110_3417,0.026576397243336863
59,2018_3110_3437,0.2702396452334184
60,2018_3110_3438,0.2055274829043708
61,2018_3110_3443,0.29811877228459044
62,2018_3110_3453,0.14716356624989715
63,2018_3113_3114,0.8559422632277316
64,2018_3113_3124,0.2702396452334184
65,2018_3113_3125,0.720239603147097
66,2018_3113_3129,0.9305418356251416
67,2018_3113_3138,0.7767432777588078
68,2018_3113_3141,0.7767432777588078
69,2018_3113_3143,0.49053418760334466
70,2018_3113_3163,0.1779940242774744
71,2018_3113_3166,0.7767432777588078
72,2018_3113_3169,0.9305418356251416
73,2018_3113_3173,0.7963905154080477
74,2018_3113_3177,0.23780006524289085
75,2018_3113_3179,0.8328439691044018
76,2018_3113_3181,0.23780006524289085
77,2018_3113_3189,0.8328439691044018
78,2018_3113_3195,0.720239603147097
79,2018_3113_3199,0.2055274829043708
80,2018_3113_3203,0.8559422632277316
81,2018_3113_3208,0.29811877228459044
82,2018_3113_3211,0.8328439691044018
83,2018_3113_3212,0.8538020703505389
84,2018_3113_3234,0.4360426425162045
85,2018_3113_3251,0.8559422632277316
86,2018_3113_3257,0.1779940242774744
87,2018_3113_3261,0.4360426425162045
88,2018_3113_3263,0.8538020703505389
89,2018_3113_3266,0.5722033065631891
90,2018_3113_3268,0.23780006524289085
91,2018_3113_3273,0.8328439691044018
92,2018_3113_3274,0.5722033065631891
93,2018_3113_3276,0.49053418760334466
94,2018_3113_3278,0.6938670396740322
95,2018_3113_3280,0.1779940242774744
96,2018_3113_3281,0.23780006524289085
97,2018_3113_3294,0.6938670396740322
98,2018_3113_3299,0.8538020703505389
99,2018_3113_3301,0.29811877228459044
100,2018_3113_3304,0.6938670396740322
101,2018_3113_3311,0.9305418356251416
102,2018_3113_3323,0.1779940242774744
103,2018_3113_3326,0.2055274829043708
104,2018_3113_3328,0.720239603147097
105,2018_3113_3329,0.7963905154080477
106,2018_3113_3332,0.2702396452334184
107,2018_3113_3333,0.4360426425162045
108,2018_3113_3343,0.720239603147097
109,2018_3113_3346,0.7963905154080477
110,2018_3113_3355,0.5722033065631891
111,2018_3113_3370,0.8538020703505389
112,2018_3113_3376,0.2702396452334184
113,2018_3113_3378,0.4360426425162045
114,2018_3113_3384,0.9305418356251416
115,2018_3113_3390,0.29811877228459044
116,2018_3113_3393,0.5722033065631891
117,2018_3113_3397,0.2055274829043708
118,2018_3113_3400,0.2702396452334184
119,2018_3113_3401,0.29811877228459044
120,2018_3113_3417,0.2055274829043708
121,2018_3113_3437,0.7963905154080477
122,2018_3113_3438,0.6938670396740322
123,2018_3113_3443,0.7767432777588078
124,2018_3113_3453,0.49053418760334466
125,2018_3114_3124,0.011969251935063926
126,2018_3114_3125,0.23780006524289085
127,2018_3114_3129,0.7963905154080477
128,2018_3114_3138,0.29811877228459044
129,2018_3114_3141,0.29811877228459044
130,2018_3114_3143,0.14716356624989715
131,2018_3114_3163,0.012634506405823741
132,2018_3114_3166,0.29811877228459044
133,2018_3114_3169,0.7963905154080477
134,2018_3114_3173,0.2702396452334184
135,2018_3114_3177,0.08029039874218333
136,2018_3114_3179,0.4360426425162045
137,2018_3114_3181,0.08029039874218333
138,2018_3114_3189,0.4360426425162045
139,2018_3114_3195,0.23780006524289085
140,2018_3114_3199,0.026576397243336863
141,2018_3114_3203,0.49053418760334466
142,2018_3114_3208,0.026442458168034925
143,2018_3114_3211,0.4360426425162045
144,2018_3114_3212,0.5722033065631891
145,2018_3114_3234,0.15418010034476293
146,2018_3114_3251,0.49053418760334466
147,2018_3114_3257,0.012634506405823741
148,2018_3114_3261,0.15418010034476293
149,2018_3114_3263,0.5722033065631891
150,2018_3114_3266,0.1779940242774744
151,2018_3114_3268,0.08029039874218333
152,2018_3114_3273,0.4360426425162045
153,2018_3114_3274,0.1779940242774744
154,2018_3114_3276,0.14716356624989715
155,2018_3114_3278,0.2055274829043708
156,2018_3114_3280,0.012634506405823741
157,2018_3114_3281,0.08029039874218333
158,2018_3114_3294,0.2055274829043708
159,2018_3114_3299,0.5722033065631891
160,2018_3114_3301,0.026442458168034925
161,2018_3114_3304,0.2055274829043708
162,2018_3114_3311,0.7963905154080477
163,2018_3114_3323,0.012634506405823741
164,2018_3114_3326,0.026576397243336863
165,2018_3114_3328,0.23780006524289085
166,2018_3114_3329,0.2702396452334184
167,2018_3114_3332,0.011969251935063926
168,2018_3114_3333,0.15418010034476293
169,2018_3114_3343,0.23780006524289085
170,2018_3114_3346,0.2702396452334184
171,2018_3114_3355,0.1779940242774744
172,2018_3114_3370,0.5722033065631891
173,2018_3114_3376,0.011969251935063926
174,2018_3114_3378,0.15418010034476293
175,2018_3114_3384,0.7963905154080477
176,2018_3114_3390,0.026442458168034925
177,2018_3114_3393,0.1779940242774744
178,2018_3114_3397,0.026576397243336863
179,2018_3114_3400,0.011969251935063926
180,2018_3114_3401,0.026442458168034925
181,2018_3114_3417,0.026576397243336863
182,2018_3114_3437,0.2702396452334184
183,2018_3114_3438,0.2055274829043708
184,2018_3114_3443,0.29811877228459044
185,2018_3114_3453,0.14716356624989715
186,2018_3124_3125,0.9746781411508596
187,2018_3124_3129,0.9872751695087125
188,2018_3124_3138,0.9305418356251416
189,2018_3124_3141,0.9305418356251416
190,2018_3124_3143,0.720239603147097
191,2018_3124_3163,0.4360426425162045
192,2018_3124_3166,0.9305418356251416
193,2018_3124_3169,0.9872751695087125
194,2018_3124_3173,0.8559422632277316
195,2018_3124_3177,0.6938670396740322
196,2018_3124_3179,0.974596634644783
197,2018_3124_3181,0.6938670396740322
198,2018_3124_3189,0.974596634644783
199,2018_3124_3195,0.9746781411508596
200,2018_3124_3199,0.5722033065631891
201,2018_3124_3203,0.9881173227647155
202,2018_3124_3208,0.7963905154080477
203,2018_3124_3211,0.974596634644783
204,2018_3124_3212,0.9867892320758203
205,2018_3124_3234,0.7767432777588078
206,2018_3124_3251,0.9881173227647155
207,2018_3124_3257,0.4360426425162045
208,2018_3124_3261,0.7767432777588078
209,2018_3124_3263,0.9867892320758203
210,2018_3124_3266,0.8328439691044018
211,2018_3124_3268,0.6938670396740322
212,2018_3124_3273,0.974596634644783
213,2018_3124_3274,0.8328439691044018
214,2018_3124_3276,0.720239603147097
215,2018_3124_3278,0.8538020703505389
216,2018_3124_3280,0.4360426425162045
217,2018_3124_3281,0.6938670396740322
218,2018_3124_3294,0.8538020703505389
219,2018_3124_3299,0.9867892320758203
220,2018_3124_3301,0.7963905154080477
221,2018_3124_3304,0.8538020703505389
222,2018_3124_3311,0.9872751695087125
223,2018_3124_3323,0.4360426425162045
224,2018_3124_3326,0.5722033065631891
225,2018_3124_3328,0.9746781411508596
226,2018_3124_3329,0.8559422632277316
227,2018_3124_3332,0.49053418760334466
228,2018_3124_3333,0.7767432777588078
229,2018_3124_3343,0.9746781411508596
230,2018_3124_3346,0.8559422632277316
231,2018_3124_3355,0.8328439691044018
232,2018_3124_3370,0.9867892320758203
233,2018_3124_3376,0.49053418760334466
234,2018_3124_3378,0.7767432777588078
235,2018_3124_3384,0.9872751695087125
236,2018_3124_3390,0.7963905154080477
237,2018_3124_3393,0.8328439691044018
238,2018_3124_3397,0.5722033065631891
239,2018_3124_3400,0.49053418760334466
240,2018_3124_3401,0.7963905154080477
241,2018_3124_3417,0.5722033065631891
242,2018_3124_3437,0.8559422632277316
243,2018_3124_3438,0.8538020703505389
244,2018_3124_3443,0.9305418356251416
245,2018_3124_3453,0.720239603147097
246,2018_3125_3129,0.7767432777588078
247,2018_3125_3138,0.4360426425162045
248,2018_3125_3141,0.4360426425162045
249,2018_3125_3143,0.2702396452334184
250,2018_3125_3163,0.026576397243336863
251,2018_3125_3166,0.4360426425162045
252,2018_3125_3169,0.7767432777588078
253,2018_3125_3173,0.29811877228459044
254,2018_3125_3177,0.14716356624989715
255,2018_3125_3179,0.5722033065631891
256,2018_3125_3181,0.14716356624989715
257,2018_3125_3189,0.5722033065631891
258,2018_3125_3195,0.49053418760334466
259,2018_3125_3199,0.08029039874218333
260,2018_3125_3203,0.7963905154080477
261,2018_3125_3208,0.15418010034476293
262,2018_3125_3211,0.5722033065631891
263,2018_3125_3212,0.6938670396740322
264,2018_3125_3234,0.1779940242774744
265,2018_3125_3251,0.7963905154080477
266,2018_3125_3257,0.026576397243336863
267,2018_3125_3261,0.1779940242774744
268,2018_3125_3263,0.6938670396740322
269,2018_3125_3266,0.2055274829043708
270,2018_3125_3268,0.14716356624989715
271,2018_3125_3273,0.5722033065631891
272,2018_3125_3274,0.2055274829043708
273,2018_3125_3276,0.2702396452334184
274,2018_3125_3278,0.23780006524289085
275,2018_3125_3280,0.026576397243336863
276,2018_3125_3281,0.14716356624989715
277,2018_3125_3294,0.23780006524289085
278,2018_3125_3299,0.6938670396740322
279,2018_3125_3301,0.15418010034476293
280,2018_3125_3304,0.23780006524289085
281,2018_3125_3311,0.7767432777588078
282,2018_3125_3323,0.026576397243336863
283,2018_3125_3326,0.08029039874218333
284,2018_3125_3328,0.49053418760334466
285,2018_3125_3329,0.29811877228459044
286,2018_3125_3332,0.026442458168034925
287,2018_3125_3333,0.1779940242774744
288,2018_3125_3343,0.49053418760334466
289,2018_3125_3346,0.29811877228459044
290,2018_3125_3355,0.2055274829043708
291,2018_3125_3370,0.6938670396740322
292,2018_3125_3376,0.026442458168034925
293,2018_3125_3378,0.1779940242774744
294,2018_3125_3384,0.7767432777588078
295,2018_3125_3390,0.15418010034476293
296,2018_3125_3393,0.2055274829043708
297,2018_3125_3397,0.08029039874218333
298,2018_3125_3400,0.026442458168034925
299,2018_3125_3401,0.15418010034476293
300,2018_3125_3417,0.08029039874218333
301,2018_3125_3437,0.29811877228459044
302,2018_3125_3438,0.23780006524289085
303,2018_3125_3443,0.4360426425162045
304,2018_3125_3453,0.2702396452334184
305,2018_3129_3138,0.2702396452334184
306,2018_3129_3141,0.2702396452334184
307,2018_3129_3143,0.08029039874218333
308,2018_3129_3163,0.006750886500469639
309,2018_3129_3166,0.2702396452334184
310,2018_3129_3169,0.49053418760334466
311,2018_3129_3173,0.14716356624989715
312,2018_3129_3177,0.026576397243336863
313,2018_3129_3179,0.29811877228459044
314,2018_3129_3181,0.026576397243336863
315,2018_3129_3189,0.29811877228459044
316,2018_3129_3195,0.2055274829043708
317,2018_3129_3199,0.012634506405823741
318,2018_3129_3203,0.23780006524289085
319,2018_3129_3208,0.011969251935063926
320,2018_3129_3211,0.29811877228459044
321,2018_3129_3212,0.4360426425162045
322,2018_3129_3234,0.026442458168034925
323,2018_3129_3251,0.23780006524289085
324,2018_3129_3257,0.006750886500469639
325,2018_3129_3261,0.026442458168034925
326,2018_3129_3263,0.4360426425162045
327,2018_3129_3266,0.15418010034476293
328,2018_3129_3268,0.026576397243336863
329,2018_3129_3273,0.29811877228459044
330,2018_3129_3274,0.15418010034476293
331,2018_3129_3276,0.08029039874218333
332,2018_3129_3278,0.1779940242774744
333,2018_3129_3280,0.006750886500469639
334,2018_3129_3281,0.026576397243336863
335,2018_3129_3294,0.1779940242774744
336,2018_3129_3299,0.4360426425162045
337,2018_3129_3301,0.011969251935063926
338,2018_3129_3304,0.1779940242774744
339,2018_3129_3311,0.49053418760334466
340,2018_3129_3323,0.006750886500469639
341,2018_3129_3326,0.012634506405823741
342,2018_3129_3328,0.2055274829043708
343,2018_3129_3329,0.14716356624989715
344,2018_3129_3332,0.006869885061445383
345,2018_3129_3333,0.026442458168034925
346,2018_3129_3343,0.2055274829043708
347,2018_3129_3346,0.14716356624989715
348,2018_3129_3355,0.15418010034476293
349,2018_3129_3370,0.4360426425162045
350,2018_3129_3376,0.006869885061445383
351,2018_3129_3378,0.026442458168034925
352,2018_3129_3384,0.49053418760334466
353,2018_3129_3390,0.011969251935063926
354,2018_3129_3393,0.15418010034476293
355,2018_3129_3397,0.012634506405823741
356,2018_3129_3400,0.006869885061445383
357,2018_3129_3401,0.011969251935063926
358,2018_3129_3417,0.012634506405823741
359,2018_3129_3437,0.14716356624989715
360,2018_3129_3438,0.1779940242774744
361,2018_3129_3443,0.2702396452334184
362,2018_3129_3453,0.08029039874218333
363,2018_3138_3141,0.49053418760334466
364,2018_3138_3143,0.2055274829043708
365,2018_3138_3163,0.026442458168034925
366,2018_3138_3166,0.49053418760334466
367,2018_3138_3169,0.720239603147097
368,2018_3138_3173,0.23780006524289085
369,2018_3138_3177,0.1779940242774744
370,2018_3138_3179,0.7963905154080477
371,2018_3138_3181,0.1779940242774744
372,2018_3138_3189,0.7963905154080477
373,2018_3138_3195,0.5722033065631891
374,2018_3138_3199,0.15418010034476293
375,2018_3138_3203,0.6938670396740322
376,2018_3138_3208,0.14716356624989715
377,2018_3138_3211,0.7963905154080477
378,2018_3138_3212,0.7767432777588078
379,2018_3138_3234,0.2702396452334184
380,2018_3138_3251,0.6938670396740322
381,2018_3138_3257,0.026442458168034925
382,2018_3138_3261,0.2702396452334184
383,2018_3138_3263,0.7767432777588078
384,2018_3138_3266,0.29811877228459044
385,2018_3138_3268,0.1779940242774744
386,2018_3138_3273,0.7963905154080477
387,2018_3138_3274,0.29811877228459044
388,2018_3138_3276,0.2055274829043708
389,2018_3138_3278,0.4360426425162045
390,2018_3138_3280,0.026442458168034925
391,2018_3138_3281,0.1779940242774744
392,2018_3138_3294,0.4360426425162045
393,2018_3138_3299,0.7767432777588078
394,2018_3138_3301,0.14716356624989715
395,2018_3138_3304,0.4360426425162045
396,2018_3138_3311,0.720239603147097
397,2018_3138_3323,0.026442458168034925
398,2018_3138_3326,0.15418010034476293
399,2018_3138_3328,0.5722033065631891
400,2018_3138_3329,0.23780006524289085
401,2018_3138_3332,0.08029039874218333
402,2018_3138_3333,0.2702396452334184
403,2018_3138_3343,0.5722033065631891
404,2018_3138_3346,0.23780006524289085
405,2018_3138_3355,0.29811877228459044
406,2018_3138_3370,0.7767432777588078
407,2018_3138_3376,0.08029039874218333
408,2018_3138_3378,0.2702396452334184
409,2018_3138_3384,0.720239603147097
410,2018_3138_3390,0.14716356624989715
411,2018_3138_3393,0.29811877228459044
412,2018_3138_3397,0.15418010034476293
413,2018_3138_3400,0.08029039874218333
414,2018_3138_3401,0.14716356624989715
415,2018_3138_3417,0.15418010034476293
416,2018_3138_3437,0.23780006524289085
417,2018_3138_3438,0.4360426425162045
418,2018_3138_3443,0.49053418760334466
419,2018_3138_3453,0.2055274829043708
420,2018_3141_3143,0.2055274829043708
421,2018_3141_3163,0.026442458168034925
422,2018_3141_3166,0.49053418760334466
423,2018_3141_3169,0.720239603147097
424,2018_3141_3173,0.23780006524289085
425,2018_3141_3177,0.1779940242774744
426,2018_3141_3179,0.7963905154080477
427,2018_3141_3181,0.1779940242774744
428,2018_3141_3189,0.7963905154080477
429,2018_3141_3195,0.5722033065631891
430,2018_3141_3199,0.15418010034476293
431,2018_3141_3203,0.6938670396740322
432,2018_3141_3208,0.14716356624989715
433,2018_3141_3211,0.7963905154080477
434,2018_3141_3212,0.7767432777588078
435,2018_3141_3234,0.2702396452334184
436,2018_3141_3251,0.6938670396740322
437,2018_3141_3257,0.026442458168034925
438,2018_3141_3261,0.2702396452334184
439,2018_3141_3263,0.7767432777588078
440,2018_3141_3266,0.29811877228459044
441,2018_3141_3268,0.1779940242774744
442,2018_3141_3273,0.7963905154080477
443,2018_3141_3274,0.29811877228459044
444,2018_3141_3276,0.2055274829043708
445,2018_3141_3278,0.4360426425162045
446,2018_3141_3280,0.026442458168034925
447,2018_3141_3281,0.1779940242774744
448,2018_3141_3294,0.4360426425162045
449,2018_3141_3299,0.7767432777588078
450,2018_3141_3301,0.14716356624989715
451,2018_3141_3304,0.4360426425162045
452,2018_3141_3311,0.720239603147097
453,2018_3141_3323,0.026442458168034925
454,2018_3141_3326,0.15418010034476293
455,2018_3141_3328,0.5722033065631891
456,2018_3141_3329,0.23780006524289085
457,2018_3141_3332,0.08029039874218333
458,2018_3141_3333,0.2702396452334184
459,2018_3141_3343,0.5722033065631891
460,2018_3141_3346,0.23780006524289085
461,2018_3141_3355,0.29811877228459044
462,2018_3141_3370,0.7767432777588078
463,2018_3141_3376,0.08029039874218333
464,2018_3141_3378,0.2702396452334184
465,2018_3141_3384,0.720239603147097
466,2018_3141_3390,0.14716356624989715
467,2018_3141_3393,0.29811877228459044
468,2018_3141_3397,0.15418010034476293
469,2018_3141_3400,0.08029039874218333
470,2018_3141_3401,0.14716356624989715
471,2018_3141_3417,0.15418010034476293
472,2018_3141_3437,0.23780006524289085
473,2018_3141_3438,0.4360426425162045
474,2018_3141_3443,0.49053418760334466
475,2018_3141_3453,0.2055274829043708
476,2018_3143_3163,0.1779940242774744
477,2018_3143_3166,0.7767432777588078
478,2018_3143_3169,0.9305418356251416
479,2018_3143_3173,0.7963905154080477
480,2018_3143_3177,0.23780006524289085
481,2018_3143_3179,0.8328439691044018
482,2018_3143_3181,0.23780006524289085
483,2018_3143_3189,0.8328439691044018
484,2018_3143_3195,0.720239603147097
485,2018_3143_3199,0.2055274829043708
486,2018_3143_3203,0.8559422632277316
487,2018_3143_3208,0.29811877228459044
488,2018_3143_3211,0.8328439691044018
489,2018_3143_3212,0.8538020703505389
490,2018_3143_3234,0.4360426425162045
491,2018_3143_3251,0.8559422632277316
492,2018_3143_3257,0.1779940242774744
493,2018_3143_3261,0.4360426425162045
494,2018_3143_3263,0.8538020703505389
495,2018_3143_3266,0.5722033065631891
496,2018_3143_3268,0.23780006524289085
497,2018_3143_3273,0.8328439691044018
498,2018_3143_3274,0.5722033065631891
499,2018_3143_3276,0.49053418760334466
500,2018_3143_3278,0.6938670396740322
501,2018_3143_3280,0.1779940242774744
502,2018_3143_3281,0.23780006524289085
503,2018_3143_3294,0.6938670396740322
504,2018_3143_3299,0.8538020703505389
505,2018_3143_3301,0.29811877228459044
506,2018_3143_3304,0.6938670396740322
507,2018_3143_3311,0.9305418356251416
508,2018_3143_3323,0.1779940242774744
509,2018_3143_3326,0.2055274829043708
510,2018_3143_3328,0.720239603147097
511,2018_3143_3329,0.7963905154080477
512,2018_3143_3332,0.2702396452334184
513,2018_3143_3333,0.4360426425162045
514,2018_3143_3343,0.720239603147097
515,2018_3143_3346,0.7963905154080477
516,2018_3143_3355,0.5722033065631891
517,2018_3143_3370,0.8538020703505389
518,2018_3143_3376,0.2702396452334184
519,2018_3143_3378,0.4360426425162045
520,2018_3143_3384,0.9305418356251416
521,2018_3143_3390,0.29811877228459044
522,2018_3143_3393,0.5722033065631891
523,2018_3143_3397,0.2055274829043708
524,2018_3143_3400,0.2702396452334184
525,2018_3143_3401,0.29811877228459044
526,2018_3143_3417,0.2055274829043708
527,2018_3143_3437,0.7963905154080477
528,2018_3143_3438,0.6938670396740322
529,2018_3143_3443,0.7767432777588078
530,2018_3143_3453,0.49053418760334466
531,2018_3163_3166,0.9746781411508596
532,2018_3163_3169,0.9930796737373059
533,2018_3163_3173,0.8538020703505389
534,2018_3163_3177,0.7767432777588078
535,2018_3163_3179,0.9881173227647155
536,2018_3163_3181,0.7767432777588078
537,2018_3163_3189,0.9881173227647155
538,2018_3163_3195,0.974596634644783
539,2018_3163_3199,0.7963905154080477
540,2018_3163_3203,0.9867892320758203
541,2018_3163_3208,0.6938670396740322
542,2018_3163_3211,0.9881173227647155
543,2018_3163_3212,0.9872751695087125
544,2018_3163_3234,0.720239603147097
545,2018_3163_3251,0.9867892320758203
546,2018_3163_3257,0.49053418760334466
547,2018_3163_3261,0.720239603147097
548,2018_3163_3263,0.9872751695087125
549,2018_3163_3266,0.8559422632277316
550,2018_3163_3268,0.7767432777588078
551,2018_3163_3273,0.9881173227647155
552,2018_3163_3274,0.8559422632277316
553,2018_3163_3276,0.8328439691044018
554,2018_3163_3278,0.9305418356251416
555,2018_3163_3280,0.49053418760334466
556,2018_3163_3281,0.7767432777588078
557,2018_3163_3294,0.9305418356251416
558,2018_3163_3299,0.9872751695087125
559,2018_3163_3301,0.6938670396740322
560,2018_3163_3304,0.9305418356251416
561,2018_3163_3311,0.9930796737373059
562,2018_3163_3323,0.49053418760334466
563,2018_3163_3326,0.7963905154080477
564,2018_3163_3328,0.974596634644783
565,2018_3163_3329,0.8538020703505389
566,2018_3163_3332,0.5722033065631891
567,2018_3163_3333,0.720239603147097
568,2018_3163_3343,0.974596634644783
569,2018_3163_3346,0.8538020703505389
570,2018_3163_3355,0.8559422632277316
571,2018_3163_3370,0.9872751695087125
572,2018_3163_3376,0.5722033065631891
573,2018_3163_3378,0.720239603147097
574,2018_3163_3384,0.9930796737373059
575,2018_3163_3390,0.6938670396740322
576,2018_3163_3393,0.8559422632277316
577,2018_3163_3397,0.7963905154080477
578,2018_3163_3400,0.5722033065631891
579,2018_3163_3401,0.6938670396740322
580,2018_3163_3417,0.7963905154080477
581,2018_3163_3437,0.8538020703505389
582,2018_3163_3438,0.9305418356251416
583,2018_3163_3443,0.9746781411508596
584,2018_3163_3453,0.8328439691044018
585,2018_3166_3169,0.720239603147097
586,2018_3166_3173,0.23780006524289085
587,2018_3166_3177,0.1779940242774744
588,2018_3166_3179,0.7963905154080477
589,2018_3166_3181,0.1779940242774744
590,2018_3166_3189,0.7963905154080477
591,2018_3166_3195,0.5722033065631891
592,2018_3166_3199,0.15418010034476293
593,2018_3166_3203,0.6938670396740322
594,2018_3166_3208,0.14716356624989715
595,2018_3166_3211,0.7963905154080477
596,2018_3166_3212,0.7767432777588078
597,2018_3166_3234,0.2702396452334184
598,2018_3166_3251,0.6938670396740322
599,2018_3166_3257,0.026442458168034925
600,2018_3166_3261,0.2702396452334184
601,2018_3166_3263,0.7767432777588078
602,2018_3166_3266,0.29811877228459044
603,2018_3166_3268,0.1779940242774744
604,2018_3166_3273,0.7963905154080477
605,2018_3166_3274,0.29811877228459044
606,2018_3166_3276,0.2055274829043708
607,2018_3166_3278,0.4360426425162045
608,2018_3166_3280,0.026442458168034925
609,2018_3166_3281,0.1779940242774744
610,2018_3166_3294,0.4360426425162045
611,2018_3166_3299,0.7767432777588078
612,2018_3166_3301,0.14716356624989715
613,2018_3166_3304,0.4360426425162045
614,2018_3166_3311,0.720239603147097
615,2018_3166_3323,0.026442458168034925
616,2018_3166_3326,0.15418010034476293
617,2018_3166_3328,0.5722033065631891
618,2018_3166_3329,0.23780006524289085
619,2018_3166_3332,0.08029039874218333
620,2018_3166_3333,0.2702396452334184
621,2018_3166_3343,0.5722033065631891
622,2018_3166_3346,0.23780006524289085
623,2018_3166_3355,0.29811877228459044
624,2018_3166_3370,0.7767432777588078
625,2018_3166_3376,0.08029039874218333
626,2018_3166_3378,0.2702396452334184
627,2018_3166_3384,0.720239603147097
628,2018_3166_3390,0.14716356624989715
629,2018_3166_3393,0.29811877228459044
630,2018_3166_3397,0.15418010034476293
631,2018_3166_3400,0.08029039874218333
632,2018_3166_3401,0.14716356624989715
633,2018_3166_3417,0.15418010034476293
634,2018_3166_3437,0.23780006524289085
635,2018_3166_3438,0.4360426425162045
636,2018_3166_3443,0.49053418760334466
637,2018_3166_3453,0.2055274829043708
638,2018_3169_3173,0.14716356624989715
639,2018_3169_3177,0.026576397243336863
640,2018_3169_3179,0.29811877228459044
641,2018_3169_3181,0.026576397243336863
642,2018_3169_3189,0.29811877228459044
643,2018_3169_3195,0.2055274829043708
644,2018_3169_3199,0.012634506405823741
645,2018_3169_3203,0.23780006524289085
646,2018_3169_3208,0.011969251935063926
647,2018_3169_3211,0.29811877228459044
648,2018_3169_3212,0.4360426425162045
649,2018_3169_3234,0.026442458168034925
650,2018_3169_3251,0.23780006524289085
651,2018_3169_3257,0.006750886500469639
652,2018_3169_3261,0.026442458168034925
653,2018_3169_3263,0.4360426425162045
654,2018_3169_3266,0.15418010034476293
655,2018_3169_3268,0.026576397243336863
656,2018_3169_3273,0.29811877228459044
657,2018_3169_3274,0.15418010034476293
658,2018_3169_3276,0.08029039874218333
659,2018_3169_3278,0.1779940242774744
660,2018_3169_3280,0.006750886500469639
661,2018_3169_3281,0.026576397243336863
662,2018_3169_3294,0.1779940242774744
663,2018_3169_3299,0.4360426425162045
664,2018_3169_3301,0.011969251935063926
665,2018_3169_3304,0.1779940242774744
666,2018_3169_3311,0.49053418760334466
667,2018_3169_3323,0.006750886500469639
668,2018_3169_3326,0.012634506405823741
669,2018_3169_3328,0.2055274829043708
670,2018_3169_3329,0.14716356624989715
671,2018_3169_3332,0.006869885061445383
672,2018_3169_3333,0.026442458168034925
673,2018_3169_3343,0.2055274829043708
674,2018_3169_3346,0.14716356624989715
675,2018_3169_3355,0.15418010034476293
676,2018_3169_3370,0.4360426425162045
677,2018_3169_3376,0.006869885061445383
678,2018_3169_3378,0.026442458168034925
679,2018_3169_3384,0.49053418760334466
680,2018_3169_3390,0.011969251935063926
681,2018_3169_3393,0.15418010034476293
682,2018_3169_3397,0.012634506405823741
683,2018_3169_3400,0.006869885061445383
684,2018_3169_3401,0.011969251935063926
685,2018_3169_3417,0.012634506405823741
686,2018_3169_3437,0.14716356624989715
687,2018_3169_3438,0.1779940242774744
688,2018_3169_3443,0.2702396452334184
689,2018_3169_3453,0.08029039874218333
690,2018_3173_3177,0.2055274829043708
691,2018_3173_3179,0.7767432777588078
692,2018_3173_3181,0.2055274829043708
693,2018_3173_3189,0.7767432777588078
694,2018_3173_3195,0.6938670396740322
695,2018_3173_3199,0.1779940242774744
696,2018_3173_3203,0.720239603147097
697,2018_3173_3208,0.2702396452334184
698,2018_3173_3211,0.7767432777588078
699,2018_3173_3212,0.8328439691044018
700,2018_3173_3234,0.29811877228459044
701,2018_3173_3251,0.720239603147097
702,2018_3173_3257,0.15418010034476293
703,2018_3173_3261,0.29811877228459044
704,2018_3173_3263,0.8328439691044018
705,2018_3173_3266,0.4360426425162045
706,2018_3173_3268,0.2055274829043708
707,2018_3173_3273,0.7767432777588078
708,2018_3173_3274,0.4360426425162045
709,2018_3173_3276,0.23780006524289085
710,2018_3173_3278,0.5722033065631891
711,2018_3173_3280,0.15418010034476293
712,2018_3173_3281,0.2055274829043708
713,2018_3173_3294,0.5722033065631891
714,2018_3173_3299,0.8328439691044018
715,2018_3173_3301,0.2702396452334184
716,2018_3173_3304,0.5722033065631891
717,2018_3173_3311,0.8559422632277316
718,2018_3173_3323,0.15418010034476293
719,2018_3173_3326,0.1779940242774744
720,2018_3173_3328,0.6938670396740322
721,2018_3173_3329,0.49053418760334466
722,2018_3173_3332,0.14716356624989715
723,2018_3173_3333,0.29811877228459044
724,2018_3173_3343,0.6938670396740322
725,2018_3173_3346,0.49053418760334466
726,2018_3173_3355,0.4360426425162045
727,2018_3173_3370,0.8328439691044018
728,2018_3173_3376,0.14716356624989715
729,2018_3173_3378,0.29811877228459044
730,2018_3173_3384,0.8559422632277316
731,2018_3173_3390,0.2702396452334184
732,2018_3173_3393,0.4360426425162045
733,2018_3173_3397,0.1779940242774744
734,2018_3173_3400,0.14716356624989715
735,2018_3173_3401,0.2702396452334184
736,2018_3173_3417,0.1779940242774744
737,2018_3173_3437,0.49053418760334466
738,2018_3173_3438,0.5722033065631891
739,2018_3173_3443,0.7963905154080477
740,2018_3173_3453,0.23780006524289085
741,2018_3177_3179,0.8538020703505389
742,2018_3177_3181,0.49053418760334466
743,2018_3177_3189,0.8538020703505389
744,2018_3177_3195,0.8559422632277316
745,2018_3177_3199,0.23780006524289085
746,2018_3177_3203,0.9305418356251416
747,2018_3177_3208,0.4360426425162045
748,2018_3177_3211,0.8538020703505389
749,2018_3177_3212,0.9746781411508596
750,2018_3177_3234,0.5722033065631891
751,2018_3177_3251,0.9305418356251416
752,2018_3177_3257,0.2055274829043708
753,2018_3177_3261,0.5722033065631891
754,2018_3177_3263,0.9746781411508596
755,2018_3177_3266,0.6938670396740322
756,2018_3177_3268,0.49053418760334466
757,2018_3177_3273,0.8538020703505389
758,2018_3177_3274,0.6938670396740322
759,2018_3177_3276,0.7963905154080477
760,2018_3177_3278,0.720239603147097
761,2018_3177_3280,0.2055274829043708
762,2018_3177_3281,0.49053418760334466
763,2018_3177_3294,0.720239603147097
764,2018_3177_3299,0.9746781411508596
765,2018_3177_3301,0.4360426425162045
766,2018_3177_3304,0.720239603147097
767,2018_3177_3311,0.974596634644783
768,2018_3177_3323,0.2055274829043708
769,2018_3177_3326,0.23780006524289085
770,2018_3177_3328,0.8559422632277316
771,2018_3177_3329,0.7767432777588078
772,2018_3177_3332,0.29811877228459044
773,2018_3177_3333,0.5722033065631891
774,2018_3177_3343,0.8559422632277316
775,2018_3177_3346,0.7767432777588078
776,2018_3177_3355,0.6938670396740322
777,2018_3177_3370,0.9746781411508596
778,2018_3177_3376,0.29811877228459044
779,2018_3177_3378,0.5722033065631891
780,2018_3177_3384,0.974596634644783
781,2018_3177_3390,0.4360426425162045
782,2018_3177_3393,0.6938670396740322
783,2018_3177_3397,0.23780006524289085
784,2018_3177_3400,0.29811877228459044
785,2018_3177_3401,0.4360426425162045
786,2018_3177_3417,0.23780006524289085
787,2018_3177_3437,0.7767432777588078
788,2018_3177_3438,0.720239603147097
789,2018_3177_3443,0.8328439691044018
790,2018_3177_3453,0.7963905154080477
791,2018_3179_3181,0.15418010034476293
792,2018_3179_3189,0.49053418760334466
793,2018_3179_3195,0.4360426425162045
794,2018_3179_3199,0.026442458168034925
795,2018_3179_3203,0.5722033065631891
796,2018_3179_3208,0.08029039874218333
797,2018_3179_3211,0.49053418760334466
798,2018_3179_3212,0.7963905154080477
799,2018_3179_3234,0.14716356624989715
800,2018_3179_3251,0.5722033065631891
801,2018_3179_3257,0.011969251935063926
802,2018_3179_3261,0.14716356624989715
803,2018_3179_3263,0.7963905154080477
804,2018_3179_3266,0.2702396452334184
805,2018_3179_3268,0.15418010034476293
806,2018_3179_3273,0.49053418760334466
807,2018_3179_3274,0.2702396452334184
808,2018_3179_3276,0.1779940242774744
809,2018_3179_3278,0.29811877228459044
810,2018_3179_3280,0.011969251935063926
811,2018_3179_3281,0.15418010034476293
812,2018_3179_3294,0.29811877228459044
813,2018_3179_3299,0.7963905154080477
814,2018_3179_3301,0.08029039874218333
815,2018_3179_3304,0.29811877228459044
816,2018_3179_3311,0.6938670396740322
817,2018_3179_3323,0.011969251935063926
818,2018_3179_3326,0.026442458168034925
819,2018_3179_3328,0.4360426425162045
820,2018_3179_3329,0.2055274829043708
821,2018_3179_3332,0.026576397243336863
822,2018_3179_3333,0.14716356624989715
823,2018_3179_3343,0.4360426425162045
824,2018_3179_3346,0.2055274829043708
825,2018_3179_3355,0.2702396452334184
826,2018_3179_3370,0.7963905154080477
827,2018_3179_3376,0.026576397243336863
828,2018_3179_3378,0.14716356624989715
829,2018_3179_3384,0.6938670396740322
830,2018_3179_3390,0.08029039874218333
831,2018_3179_3393,0.2702396452334184
832,2018_3179_3397,0.026442458168034925
833,2018_3179_3400,0.026576397243336863
834,2018_3179_3401,0.08029039874218333
835,2018_3179_3417,0.026442458168034925
836,2018_3179_3437,0.2055274829043708
837,2018_3179_3438,0.29811877228459044
838,2018_3179_3443,0.23780006524289085
839,2018_3179_3453,0.1779940242774744
840,2018_3181_3189,0.8538020703505389
841,2018_3181_3195,0.8559422632277316
842,2018_3181_3199,0.23780006524289085
843,2018_3181_3203,0.9305418356251416
844,2018_3181_3208,0.4360426425162045
845,2018_3181_3211,0.8538020703505389
846,2018_3181_3212,0.9746781411508596
847,2018_3181_3234,0.5722033065631891
848,2018_3181_3251,0.9305418356251416
849,2018_3181_3257,0.2055274829043708
850,2018_3181_3261,0.5722033065631891
851,2018_3181_3263,0.9746781411508596
852,2018_3181_3266,0.6938670396740322
853,2018_3181_3268,0.49053418760334466
854,2018_3181_3273,0.8538020703505389
855,2018_3181_3274,0.6938670396740322
856,2018_3181_3276,0.7963905154080477
857,2018_3181_3278,0.720239603147097
858,2018_3181_3280,0.2055274829043708
859,2018_3181_3281,0.49053418760334466
860,2018_3181_3294,0.720239603147097
861,2018_3181_3299,0.9746781411508596
862,2018_3181_3301,0.4360426425162045
863,2018_3181_3304,0.720239603147097
864,2018_3181_3311,0.974596634644783
865,2018_3181_3323,0.2055274829043708
866,2018_3181_3326,0.23780006524289085
867,2018_3181_3328,0.8559422632277316
868,2018_3181_3329,0.7767432777588078
869,2018_3181_3332,0.29811877228459044
870,2018_3181_3333,0.5722033065631891
871,2018_3181_3343,0.8559422632277316
872,2018_3181_3346,0.7767432777588078
873,2018_3181_3355,0.6938670396740322
874,2018_3181_3370,0.9746781411508596
875,2018_3181_3376,0.29811877228459044
876,2018_3181_3378,0.5722033065631891
877,2018_3181_3384,0.974596634644783
878,2018_3181_3390,0.4360426425162045
879,2018_3181_3393,0.6938670396740322
880,2018_3181_3397,0.23780006524289085
881,2018_3181_3400,0.29811877228459044
882,2018_3181_3401,0.4360426425162045
883,2018_3181_3417,0.23780006524289085
884,2018_3181_3437,0.7767432777588078
885,2018_3181_3438,0.720239603147097
886,2018_3181_3443,0.8328439691044018
887,2018_3181_3453,0.7963905154080477
888,2018_3189_3195,0.4360426425162045
889,2018_3189_3199,0.026442458168034925
890,2018_3189_3203,0.5722033065631891
891,2018_3189_3208,0.08029039874218333
892,2018_3189_3211,0.49053418760334466
893,2018_3189_3212,0.7963905154080477
894,2018_3189_3234,0.14716356624989715
895,2018_3189_3251,0.5722033065631891
896,2018_3189_3257,0.011969251935063926
897,2018_3189_3261,0.14716356624989715
898,2018_3189_3263,0.7963905154080477
899,2018_3189_3266,0.2702396452334184
900,2018_3189_3268,0.15418010034476293
901,2018_3189_3273,0.49053418760334466
902,2018_3189_3274,0.2702396452334184
903,2018_3189_3276,0.1779940242774744
904,2018_3189_3278,0.29811877228459044
905,2018_3189_3280,0.011969251935063926
906,2018_3189_3281,0.15418010034476293
907,2018_3189_3294,0.29811877228459044
908,2018_3189_3299,0.7963905154080477
909,2018_3189_3301,0.08029039874218333
910,2018_3189_3304,0.29811877228459044
911,2018_3189_3311,0.6938670396740322
912,2018_3189_3323,0.011969251935063926
913,2018_3189_3326,0.026442458168034925
914,2018_3189_3328,0.4360426425162045
915,2018_3189_3329,0.2055274829043708
916,2018_3189_3332,0.026576397243336863
917,2018_3189_3333,0.14716356624989715
918,2018_3189_3343,0.4360426425162045
919,2018_3189_3346,0.2055274829043708
920,2018_3189_3355,0.2702396452334184
921,2018_3189_3370,0.7963905154080477
922,2018_3189_3376,0.026576397243336863
923,2018_3189_3378,0.14716356624989715
924,2018_3189_3384,0.6938670396740322
925,2018_3189_3390,0.08029039874218333
926,2018_3189_3393,0.2702396452334184
927,2018_3189_3397,0.026442458168034925
928,2018_3189_3400,0.026576397243336863
929,2018_3189_3401,0.08029039874218333
930,2018_3189_3417,0.026442458168034925
931,2018_3189_3437,0.2055274829043708
932,2018_3189_3438,0.29811877228459044
933,2018_3189_3443,0.23780006524289085
934,2018_3189_3453,0.1779940242774744
935,2018_3195_3199,0.08029039874218333
936,2018_3195_3203,0.7963905154080477
937,2018_3195_3208,0.15418010034476293
938,2018_3195_3211,0.5722033065631891
939,2018_3195_3212,0.6938670396740322
940,2018_3195_3234,0.1779940242774744
941,2018_3195_3251,0.7963905154080477
942,2018_3195_3257,0.026576397243336863
943,2018_3195_3261,0.1779940242774744
944,2018_3195_3263,0.6938670396740322
945,2018_3195_3266,0.2055274829043708
946,2018_3195_3268,0.14716356624989715
947,2018_3195_3273,0.5722033065631891
948,2018_3195_3274,0.2055274829043708
949,2018_3195_3276,0.2702396452334184
950,2018_3195_3278,0.23780006524289085
951,2018_3195_3280,0.026576397243336863
952,2018_3195_3281,0.14716356624989715
953,2018_3195_3294,0.23780006524289085
954,2018_3195_3299,0.6938670396740322
955,2018_3195_3301,0.15418010034476293
956,2018_3195_3304,0.23780006524289085
957,2018_3195_3311,0.7767432777588078
958,2018_3195_3323,0.026576397243336863
959,2018_3195_3326,0.08029039874218333
960,2018_3195_3328,0.49053418760334466
961,2018_3195_3329,0.29811877228459044
962,2018_3195_3332,0.026442458168034925
963,2018_3195_3333,0.1779940242774744
964,2018_3195_3343,0.49053418760334466
965,2018_3195_3346,0.29811877228459044
966,2018_3195_3355,0.2055274829043708
967,2018_3195_3370,0.6938670396740322
968,2018_3195_3376,0.026442458168034925
969,2018_3195_3378,0.1779940242774744
970,2018_3195_3384,0.7767432777588078
971,2018_3195_3390,0.15418010034476293
972,2018_3195_3393,0.2055274829043708
973,2018_3195_3397,0.08029039874218333
974,2018_3195_3400,0.026442458168034925
975,2018_3195_3401,0.15418010034476293
976,2018_3195_3417,0.08029039874218333
977,2018_3195_3437,0.29811877228459044
978,2018_3195_3438,0.23780006524289085
979,2018_3195_3443,0.4360426425162045
980,2018_3195_3453,0.2702396452334184
981,2018_3199_3203,0.974596634644783
982,2018_3199_3208,0.5722033065631891
983,2018_3199_3211,0.9746781411508596
984,2018_3199_3212,0.9881173227647155
985,2018_3199_3234,0.6938670396740322
986,2018_3199_3251,0.974596634644783
987,2018_3199_3257,0.23780006524289085
988,2018_3199_3261,0.6938670396740322
989,2018_3199_3263,0.9881173227647155
990,2018_3199_3266,0.720239603147097
991,2018_3199_3268,0.7963905154080477
992,2018_3199_3273,0.9746781411508596
993,2018_3199_3274,0.720239603147097
994,2018_3199_3276,0.7767432777588078
995,2018_3199_3278,0.8559422632277316
996,2018_3199_3280,0.23780006524289085
997,2018_3199_3281,0.7963905154080477
998,2018_3199_3294,0.8559422632277316
999,2018_3199_3299,0.9881173227647155
1000,2018_3199_3301,0.5722033065631891
1001,2018_3199_3304,0.8559422632277316
1002,2018_3199_3311,0.9867892320758203
1003,2018_3199_3323,0.23780006524289085
1004,2018_3199_3326,0.49053418760334466
1005,2018_3199_3328,0.9305418356251416
1006,2018_3199_3329,0.8328439691044018
1007,2018_3199_3332,0.4360426425162045
1008,2018_3199_3333,0.6938670396740322
1009,2018_3199_3343,0.9305418356251416
1010,2018_3199_3346,0.8328439691044018
1011,2018_3199_3355,0.720239603147097
1012,2018_3199_3370,0.9881173227647155
1013,2018_3199_3376,0.4360426425162045
1014,2018_3199_3378,0.6938670396740322
1015,2018_3199_3384,0.9867892320758203
1016,2018_3199_3390,0.5722033065631891
1017,2018_3199_3393,0.720239603147097
1018,2018_3199_3397,0.49053418760334466
1019,2018_3199_3400,0.4360426425162045
1020,2018_3199_3401,0.5722033065631891
1021,2018_3199_3417,0.49053418760334466
1022,2018_3199_3437,0.8328439691044018
1023,2018_3199_3438,0.8559422632277316
1024,2018_3199_3443,0.8538020703505389
1025,2018_3199_3453,0.7767432777588078
1026,2018_3203_3208,0.026442458168034925
1027,2018_3203_3211,0.4360426425162045
1028,2018_3203_3212,0.5722033065631891
1029,2018_3203_3234,0.15418010034476293
1030,2018_3203_3251,0.49053418760334466
1031,2018_3203_3257,0.012634506405823741
1032,2018_3203_3261,0.15418010034476293
1033,2018_3203_3263,0.5722033065631891
1034,2018_3203_3266,0.1779940242774744
1035,2018_3203_3268,0.08029039874218333
1036,2018_3203_3273,0.4360426425162045
1037,2018_3203_3274,0.1779940242774744
1038,2018_3203_3276,0.14716356624989715
1039,2018_3203_3278,0.2055274829043708
1040,2018_3203_3280,0.012634506405823741
1041,2018_3203_3281,0.08029039874218333
1042,2018_3203_3294,0.2055274829043708
1043,2018_3203_3299,0.5722033065631891
1044,2018_3203_3301,0.026442458168034925
1045,2018_3203_3304,0.2055274829043708
1046,2018_3203_3311,0.7963905154080477
1047,2018_3203_3323,0.012634506405823741
1048,2018_3203_3326,0.026576397243336863
1049,2018_3203_3328,0.23780006524289085
1050,2018_3203_3329,0.2702396452334184
1051,2018_3203_3332,0.011969251935063926
1052,2018_3203_3333,0.15418010034476293
1053,2018_3203_3343,0.23780006524289085
1054,2018_3203_3346,0.2702396452334184
1055,2018_3203_3355,0.1779940242774744
1056,2018_3203_3370,0.5722033065631891
1057,2018_3203_3376,0.011969251935063926
1058,2018_3203_3378,0.15418010034476293
1059,2018_3203_3384,0.7963905154080477
1060,2018_3203_3390,0.026442458168034925
1061,2018_3203_3393,0.1779940242774744
1062,2018_3203_3397,0.026576397243336863
1063,2018_3203_3400,0.011969251935063926
1064,2018_3203_3401,0.026442458168034925
1065,2018_3203_3417,0.026576397243336863
1066,2018_3203_3437,0.2702396452334184
1067,2018_3203_3438,0.2055274829043708
1068,2018_3203_3443,0.29811877228459044
1069,2018_3203_3453,0.14716356624989715
1070,2018_3208_3211,0.9305418356251416
1071,2018_3208_3212,0.974596634644783
1072,2018_3208_3234,0.7963905154080477
1073,2018_3208_3251,0.9746781411508596
1074,2018_3208_3257,0.29811877228459044
1075,2018_3208_3261,0.7963905154080477
1076,2018_3208_3263,0.974596634644783
1077,2018_3208_3266,0.7767432777588078
1078,2018_3208_3268,0.5722033065631891
1079,2018_3208_3273,0.9305418356251416
1080,2018_3208_3274,0.7767432777588078
1081,2018_3208_3276,0.6938670396740322
1082,2018_3208_3278,0.8328439691044018
1083,2018_3208_3280,0.29811877228459044
1084,2018_3208_3281,0.5722033065631891
1085,2018_3208_3294,0.8328439691044018
1086,2018_3208_3299,0.974596634644783
1087,2018_3208_3301,0.49053418760334466
1088,2018_3208_3304,0.8328439691044018
1089,2018_3208_3311,0.9881173227647155
1090,2018_3208_3323,0.29811877228459044
1091,2018_3208_3326,0.4360426425162045
1092,2018_3208_3328,0.8538020703505389
1093,2018_3208_3329,0.720239603147097
1094,2018_3208_3332,0.23780006524289085
1095,2018_3208_3333,0.7963905154080477
1096,2018_3208_3343,0.8538020703505389
1097,2018_3208_3346,0.720239603147097
1098,2018_3208_3355,0.7767432777588078
1099,2018_3208_3370,0.974596634644783
1100,2018_3208_3376,0.23780006524289085
1101,2018_3208_3378,0.7963905154080477
1102,2018_3208_3384,0.9881173227647155
1103,2018_3208_3390,0.49053418760334466
1104,2018_3208_3393,0.7767432777588078
1105,2018_3208_3397,0.4360426425162045
1106,2018_3208_3400,0.23780006524289085
1107,2018_3208_3401,0.49053418760334466
1108,2018_3208_3417,0.4360426425162045
1109,2018_3208_3437,0.720239603147097
1110,2018_3208_3438,0.8328439691044018
1111,2018_3208_3443,0.8559422632277316
1112,2018_3208_3453,0.6938670396740322
1113,2018_3211_3212,0.7963905154080477
1114,2018_3211_3234,0.14716356624989715
1115,2018_3211_3251,0.5722033065631891
1116,2018_3211_3257,0.011969251935063926
1117,2018_3211_3261,0.14716356624989715
1118,2018_3211_3263,0.7963905154080477
1119,2018_3211_3266,0.2702396452334184
1120,2018_3211_3268,0.15418010034476293
1121,2018_3211_3273,0.49053418760334466
1122,2018_3211_3274,0.2702396452334184
1123,2018_3211_3276,0.1779940242774744
1124,2018_3211_3278,0.29811877228459044
1125,2018_3211_3280,0.011969251935063926
1126,2018_3211_3281,0.15418010034476293
1127,2018_3211_3294,0.29811877228459044
1128,2018_3211_3299,0.7963905154080477
1129,2018_3211_3301,0.08029039874218333
1130,2018_3211_3304,0.29811877228459044
1131,2018_3211_3311,0.6938670396740322
1132,2018_3211_3323,0.011969251935063926
1133,2018_3211_3326,0.026442458168034925
1134,2018_3211_3328,0.4360426425162045
1135,2018_3211_3329,0.2055274829043708
1136,2018_3211_3332,0.026576397243336863
1137,2018_3211_3333,0.14716356624989715
1138,2018_3211_3343,0.4360426425162045
1139,2018_3211_3346,0.2055274829043708
1140,2018_3211_3355,0.2702396452334184
1141,2018_3211_3370,0.7963905154080477
1142,2018_3211_3376,0.026576397243336863
1143,2018_3211_3378,0.14716356624989715
1144,2018_3211_3384,0.6938670396740322
1145,2018_3211_3390,0.08029039874218333
1146,2018_3211_3393,0.2702396452334184
1147,2018_3211_3397,0.026442458168034925
1148,2018_3211_3400,0.026576397243336863
1149,2018_3211_3401,0.08029039874218333
1150,2018_3211_3417,0.026442458168034925
1151,2018_3211_3437,0.2055274829043708
1152,2018_3211_3438,0.29811877228459044
1153,2018_3211_3443,0.23780006524289085
1154,2018_3211_3453,0.1779940242774744
1155,2018_3212_3234,0.08029039874218333
1156,2018_3212_3251,0.4360426425162045
1157,2018_3212_3257,0.006869885061445383
1158,2018_3212_3261,0.08029039874218333
1159,2018_3212_3263,0.49053418760334466
1160,2018_3212_3266,0.14716356624989715
1161,2018_3212_3268,0.026442458168034925
1162,2018_3212_3273,0.23780006524289085
1163,2018_3212_3274,0.14716356624989715
1164,2018_3212_3276,0.15418010034476293
1165,2018_3212_3278,0.2702396452334184
1166,2018_3212_3280,0.006869885061445383
1167,2018_3212_3281,0.026442458168034925
1168,2018_3212_3294,0.2702396452334184
1169,2018_3212_3299,0.49053418760334466
1170,2018_3212_3301,0.026576397243336863
1171,2018_3212_3304,0.2702396452334184
1172,2018_3212_3311,0.5722033065631891
1173,2018_3212_3323,0.006869885061445383
1174,2018_3212_3326,0.011969251935063926
1175,2018_3212_3328,0.29811877228459044
1176,2018_3212_3329,0.1779940242774744
1177,2018_3212_3332,0.012634506405823741
1178,2018_3212_3333,0.08029039874218333
1179,2018_3212_3343,0.29811877228459044
1180,2018_3212_3346,0.1779940242774744
1181,2018_3212_3355,0.14716356624989715
1182,2018_3212_3370,0.49053418760334466
1183,2018_3212_3376,0.012634506405823741
1184,2018_3212_3378,0.08029039874218333
1185,2018_3212_3384,0.5722033065631891
1186,2018_3212_3390,0.026576397243336863
1187,2018_3212_3393,0.14716356624989715
1188,2018_3212_3397,0.011969251935063926
1189,2018_3212_3400,0.012634506405823741
1190,2018_3212_3401,0.026576397243336863
1191,2018_3212_3417,0.011969251935063926
1192,2018_3212_3437,0.1779940242774744
1193,2018_3212_3438,0.2702396452334184
1194,2018_3212_3443,0.2055274829043708
1195,2018_3212_3453,0.15418010034476293
1196,2018_3234_3251,0.8538020703505389
1197,2018_3234_3257,0.2702396452334184
1198,2018_3234_3261,0.49053418760334466
1199,2018_3234_3263,0.9305418356251416
1200,2018_3234_3266,0.7963905154080477
1201,2018_3234_3268,0.4360426425162045
1202,2018_3234_3273,0.8559422632277316
1203,2018_3234_3274,0.7963905154080477
1204,2018_3234_3276,0.5722033065631891
1205,2018_3234_3278,0.7767432777588078
1206,2018_3234_3280,0.2702396452334184
1207,2018_3234_3281,0.4360426425162045
1208,2018_3234_3294,0.7767432777588078
1209,2018_3234_3299,0.9305418356251416
1210,2018_3234_3301,0.23780006524289085
1211,2018_3234_3304,0.7767432777588078
1212,2018_3234_3311,0.9746781411508596
1213,2018_3234_3323,0.2702396452334184
1214,2018_3234_3326,0.29811877228459044
1215,2018_3234_3328,0.8328439691044018
1216,2018_3234_3329,0.6938670396740322
1217,2018_3234_3332,0.2055274829043708
1218,2018_3234_3333,0.49053418760334466
1219,2018_3234_3343,0.8328439691044018
1220,2018_3234_3346,0.6938670396740322
1221,2018_3234_3355,0.7963905154080477
1222,2018_3234_3370,0.9305418356251416
1223,2018_3234_3376,0.2055274829043708
1224,2018_3234_3378,0.49053418760334466
1225,2018_3234_3384,0.9746781411508596
1226,2018_3234_3390,0.23780006524289085
1227,2018_3234_3393,0.7963905154080477
1228,2018_3234_3397,0.29811877228459044
1229,2018_3234_3400,0.2055274829043708
1230,2018_3234_3401,0.23780006524289085
1231,2018_3234_3417,0.29811877228459044
1232,2018_3234_3437,0.6938670396740322
1233,2018_3234_3438,0.7767432777588078
1234,2018_3234_3443,0.720239603147097
1235,2018_3234_3453,0.5722033065631891
1236,2018_3251_3257,0.012634506405823741
1237,2018_3251_3261,0.15418010034476293
1238,2018_3251_3263,0.5722033065631891
1239,2018_3251_3266,0.1779940242774744
1240,2018_3251_3268,0.08029039874218333
1241,2018_3251_3273,0.4360426425162045
1242,2018_3251_3274,0.1779940242774744
1243,2018_3251_3276,0.14716356624989715
1244,2018_3251_3278,0.2055274829043708
1245,2018_3251_3280,0.012634506405823741
1246,2018_3251_3281,0.08029039874218333
1247,2018_3251_3294,0.2055274829043708
1248,2018_3251_3299,0.5722033065631891
1249,2018_3251_3301,0.026442458168034925
1250,2018_3251_3304,0.2055274829043708
1251,2018_3251_3311,0.7963905154080477
1252,2018_3251_3323,0.012634506405823741
1253,2018_3251_3326,0.026576397243336863
1254,2018_3251_3328,0.23780006524289085
1255,2018_3251_3329,0.2702396452334184
1256,2018_3251_3332,0.011969251935063926
1257,2018_3251_3333,0.15418010034476293
1258,2018_3251_3343,0.23780006524289085
1259,2018_3251_3346,0.2702396452334184
1260,2018_3251_3355,0.1779940242774744
1261,2018_3251_3370,0.5722033065631891
1262,2018_3251_3376,0.011969251935063926
1263,2018_3251_3378,0.15418010034476293
1264,2018_3251_3384,0.7963905154080477
1265,2018_3251_3390,0.026442458168034925
1266,2018_3251_3393,0.1779940242774744
1267,2018_3251_3397,0.026576397243336863
1268,2018_3251_3400,0.011969251935063926
1269,2018_3251_3401,0.026442458168034925
1270,2018_3251_3417,0.026576397243336863
1271,2018_3251_3437,0.2702396452334184
1272,2018_3251_3438,0.2055274829043708
1273,2018_3251_3443,0.29811877228459044
1274,2018_3251_3453,0.14716356624989715
1275,2018_3257_3261,0.720239603147097
1276,2018_3257_3263,0.9872751695087125
1277,2018_3257_3266,0.8559422632277316
1278,2018_3257_3268,0.7767432777588078
1279,2018_3257_3273,0.9881173227647155
1280,2018_3257_3274,0.8559422632277316
1281,2018_3257_3276,0.8328439691044018
1282,2018_3257_3278,0.9305418356251416
1283,2018_3257_3280,0.49053418760334466
1284,2018_3257_3281,0.7767432777588078
1285,2018_3257_3294,0.9305418356251416
1286,2018_3257_3299,0.9872751695087125
1287,2018_3257_3301,0.6938670396740322
1288,2018_3257_3304,0.9305418356251416
1289,2018_3257_3311,0.9930796737373059
1290,2018_3257_3323,0.49053418760334466
1291,2018_3257_3326,0.7963905154080477
1292,2018_3257_3328,0.974596634644783
1293,2018_3257_3329,0.8538020703505389
1294,2018_3257_3332,0.5722033065631891
1295,2018_3257_3333,0.720239603147097
1296,2018_3257_3343,0.974596634644783
1297,2018_3257_3346,0.8538020703505389
1298,2018_3257_3355,0.8559422632277316
1299,2018_3257_3370,0.9872751695087125
1300,2018_3257_3376,0.5722033065631891
1301,2018_3257_3378,0.720239603147097
1302,2018_3257_3384,0.9930796737373059
1303,2018_3257_3390,0.6938670396740322
1304,2018_3257_3393,0.8559422632277316
1305,2018_3257_3397,0.7963905154080477
1306,2018_3257_3400,0.5722033065631891
1307,2018_3257_3401,0.6938670396740322
1308,2018_3257_3417,0.7963905154080477
1309,2018_3257_3437,0.8538020703505389
1310,2018_3257_3438,0.9305418356251416
1311,2018_3257_3443,0.9746781411508596
1312,2018_3257_3453,0.8328439691044018
1313,2018_3261_3263,0.9305418356251416
1314,2018_3261_3266,0.7963905154080477
1315,2018_3261_3268,0.4360426425162045
1316,2018_3261_3273,0.8559422632277316
1317,2018_3261_3274,0.7963905154080477
1318,2018_3261_3276,0.5722033065631891
1319,2018_3261_3278,0.7767432777588078
1320,2018_3261_3280,0.2702396452334184
1321,2018_3261_3281,0.4360426425162045
1322,2018_3261_3294,0.7767432777588078
1323,2018_3261_3299,0.9305418356251416
1324,2018_3261_3301,0.23780006524289085
1325,2018_3261_3304,0.7767432777588078
1326,2018_3261_3311,0.9746781411508596
1327,2018_3261_3323,0.2702396452334184
1328,2018_3261_3326,0.29811877228459044
1329,2018_3261_3328,0.8328439691044018
1330,2018_3261_3329,0.6938670396740322
1331,2018_3261_3332,0.2055274829043708
1332,2018_3261_3333,0.49053418760334466
1333,2018_3261_3343,0.8328439691044018
1334,2018_3261_3346,0.6938670396740322
1335,2018_3261_3355,0.7963905154080477
1336,2018_3261_3370,0.9305418356251416
1337,2018_3261_3376,0.2055274829043708
1338,2018_3261_3378,0.49053418760334466
1339,2018_3261_3384,0.9746781411508596
1340,2018_3261_3390,0.23780006524289085
1341,2018_3261_3393,0.7963905154080477
1342,2018_3261_3397,0.29811877228459044
1343,2018_3261_3400,0.2055274829043708
1344,2018_3261_3401,0.23780006524289085
1345,2018_3261_3417,0.29811877228459044
1346,2018_3261_3437,0.6938670396740322
1347,2018_3261_3438,0.7767432777588078
1348,2018_3261_3443,0.720239603147097
1349,2018_3261_3453,0.5722033065631891
1350,2018_3263_3266,0.14716356624989715
1351,2018_3263_3268,0.026442458168034925
1352,2018_3263_3273,0.23780006524289085
1353,2018_3263_3274,0.14716356624989715
1354,2018_3263_3276,0.15418010034476293
1355,2018_3263_3278,0.2702396452334184
1356,2018_3263_3280,0.006869885061445383
1357,2018_3263_3281,0.026442458168034925
1358,2018_3263_3294,0.2702396452334184
1359,2018_3263_3299,0.49053418760334466
1360,2018_3263_3301,0.026576397243336863
1361,2018_3263_3304,0.2702396452334184
1362,2018_3263_3311,0.5722033065631891
1363,2018_3263_3323,0.006869885061445383
1364,2018_3263_3326,0.011969251935063926
1365,2018_3263_3328,0.29811877228459044
1366,2018_3263_3329,0.1779940242774744
1367,2018_3263_3332,0.012634506405823741
1368,2018_3263_3333,0.08029039874218333
1369,2018_3263_3343,0.29811877228459044
1370,2018_3263_3346,0.1779940242774744
1371,2018_3263_3355,0.14716356624989715
1372,2018_3263_3370,0.49053418760334466
1373,2018_3263_3376,0.012634506405823741
1374,2018_3263_3378,0.08029039874218333
1375,2018_3263_3384,0.5722033065631891
1376,2018_3263_3390,0.026576397243336863
1377,2018_3263_3393,0.14716356624989715
1378,2018_3263_3397,0.011969251935063926
1379,2018_3263_3400,0.012634506405823741
1380,2018_3263_3401,0.026576397243336863
1381,2018_3263_3417,0.011969251935063926
1382,2018_3263_3437,0.1779940242774744
1383,2018_3263_3438,0.2702396452334184
1384,2018_3263_3443,0.2055274829043708
1385,2018_3263_3453,0.15418010034476293
1386,2018_3266_3268,0.29811877228459044
1387,2018_3266_3273,0.720239603147097
1388,2018_3266_3274,0.49053418760334466
1389,2018_3266_3276,0.4360426425162045
1390,2018_3266_3278,0.7963905154080477
1391,2018_3266_3280,0.14716356624989715
1392,2018_3266_3281,0.29811877228459044
1393,2018_3266_3294,0.7963905154080477
1394,2018_3266_3299,0.8559422632277316
1395,2018_3266_3301,0.2055274829043708
1396,2018_3266_3304,0.7963905154080477
1397,2018_3266_3311,0.8538020703505389
1398,2018_3266_3323,0.14716356624989715
1399,2018_3266_3326,0.2702396452334184
1400,2018_3266_3328,0.7767432777588078
1401,2018_3266_3329,0.5722033065631891
1402,2018_3266_3332,0.1779940242774744
1403,2018_3266_3333,0.23780006524289085
1404,2018_3266_3343,0.7767432777588078
1405,2018_3266_3346,0.5722033065631891
1406,2018_3266_3355,0.49053418760334466
1407,2018_3266_3370,0.8559422632277316
1408,2018_3266_3376,0.1779940242774744
1409,2018_3266_3378,0.23780006524289085
1410,2018_3266_3384,0.8538020703505389
1411,2018_3266_3390,0.2055274829043708
1412,2018_3266_3393,0.49053418760334466
1413,2018_3266_3397,0.2702396452334184
1414,2018_3266_3400,0.1779940242774744
1415,2018_3266_3401,0.2055274829043708
1416,2018_3266_3417,0.2702396452334184
1417,2018_3266_3437,0.5722033065631891
1418,2018_3266_3438,0.7963905154080477
1419,2018_3266_3443,0.6938670396740322
1420,2018_3266_3453,0.4360426425162045
1421,2018_3268_3273,0.8538020703505389
1422,2018_3268_3274,0.6938670396740322
1423,2018_3268_3276,0.7963905154080477
1424,2018_3268_3278,0.720239603147097
1425,2018_3268_3280,0.2055274829043708
1426,2018_3268_3281,0.49053418760334466
1427,2018_3268_3294,0.720239603147097
1428,2018_3268_3299,0.9746781411508596
1429,2018_3268_3301,0.4360426425162045
1430,2018_3268_3304,0.720239603147097
1431,2018_3268_3311,0.974596634644783
1432,2018_3268_3323,0.2055274829043708
1433,2018_3268_3326,0.23780006524289085
1434,2018_3268_3328,0.8559422632277316
1435,2018_3268_3329,0.7767432777588078
1436,2018_3268_3332,0.29811877228459044
1437,2018_3268_3333,0.5722033065631891
1438,2018_3268_3343,0.8559422632277316
1439,2018_3268_3346,0.7767432777588078
1440,2018_3268_3355,0.6938670396740322
1441,2018_3268_3370,0.9746781411508596
1442,2018_3268_3376,0.29811877228459044
1443,2018_3268_3378,0.5722033065631891
1444,2018_3268_3384,0.974596634644783
1445,2018_3268_3390,0.4360426425162045
1446,2018_3268_3393,0.6938670396740322
1447,2018_3268_3397,0.23780006524289085
1448,2018_3268_3400,0.29811877228459044
1449,2018_3268_3401,0.4360426425162045
1450,2018_3268_3417,0.23780006524289085
1451,2018_3268_3437,0.7767432777588078
1452,2018_3268_3438,0.720239603147097
1453,2018_3268_3443,0.8328439691044018
1454,2018_3268_3453,0.7963905154080477
1455,2018_3273_3274,0.2702396452334184
1456,2018_3273_3276,0.1779940242774744
1457,2018_3273_3278,0.29811877228459044
1458,2018_3273_3280,0.011969251935063926
1459,2018_3273_3281,0.15418010034476293
1460,2018_3273_3294,0.29811877228459044
1461,2018_3273_3299,0.7963905154080477
1462,2018_3273_3301,0.08029039874218333
1463,2018_3273_3304,0.29811877228459044
1464,2018_3273_3311,0.6938670396740322
1465,2018_3273_3323,0.011969251935063926
1466,2018_3273_3326,0.026442458168034925
1467,2018_3273_3328,0.4360426425162045
1468,2018_3273_3329,0.2055274829043708
1469,2018_3273_3332,0.026576397243336863
1470,2018_3273_3333,0.14716356624989715
1471,2018_3273_3343,0.4360426425162045
1472,2018_3273_3346,0.2055274829043708
1473,2018_3273_3355,0.2702396452334184
1474,2018_3273_3370,0.7963905154080477
1475,2018_3273_3376,0.026576397243336863
1476,2018_3273_3378,0.14716356624989715
1477,2018_3273_3384,0.6938670396740322
1478,2018_3273_3390,0.08029039874218333
1479,2018_3273_3393,0.2702396452334184
1480,2018_3273_3397,0.026442458168034925
1481,2018_3273_3400,0.026576397243336863
1482,2018_3273_3401,0.08029039874218333
1483,2018_3273_3417,0.026442458168034925
1484,2018_3273_3437,0.2055274829043708
1485,2018_3273_3438,0.29811877228459044
1486,2018_3273_3443,0.23780006524289085
1487,2018_3273_3453,0.1779940242774744
1488,2018_3274_3276,0.4360426425162045
1489,2018_3274_3278,0.7963905154080477
1490,2018_3274_3280,0.14716356624989715
1491,2018_3274_3281,0.29811877228459044
1492,2018_3274_3294,0.7963905154080477
1493,2018_3274_3299,0.8559422632277316
1494,2018_3274_3301,0.2055274829043708
1495,2018_3274_3304,0.7963905154080477
1496,2018_3274_3311,0.8538020703505389
1497,2018_3274_3323,0.14716356624989715
1498,2018_3274_3326,0.2702396452334184
1499,2018_3274_3328,0.7767432777588078
1500,2018_3274_3329,0.5722033065631891
1501,2018_3274_3332,0.1779940242774744
1502,2018_3274_3333,0.23780006524289085
1503,2018_3274_3343,0.7767432777588078
1504,2018_3274_3346,0.5722033065631891
1505,2018_3274_3355,0.49053418760334466
1506,2018_3274_3370,0.8559422632277316
1507,2018_3274_3376,0.1779940242774744
1508,2018_3274_3378,0.23780006524289085
1509,2018_3274_3384,0.8538020703505389
1510,2018_3274_3390,0.2055274829043708
1511,2018_3274_3393,0.49053418760334466
1512,2018_3274_3397,0.2702396452334184
1513,2018_3274_3400,0.1779940242774744
1514,2018_3274_3401,0.2055274829043708
1515,2018_3274_3417,0.2702396452334184
1516,2018_3274_3437,0.5722033065631891
1517,2018_3274_3438,0.7963905154080477
1518,2018_3274_3443,0.6938670396740322
1519,2018_3274_3453,0.4360426425162045
1520,2018_3276_3278,0.6938670396740322
1521,2018_3276_3280,0.1779940242774744
1522,2018_3276_3281,0.23780006524289085
1523,2018_3276_3294,0.6938670396740322
1524,2018_3276_3299,0.8538020703505389
1525,2018_3276_3301,0.29811877228459044
1526,2018_3276_3304,0.6938670396740322
1527,2018_3276_3311,0.9305418356251416
1528,2018_3276_3323,0.1779940242774744
1529,2018_3276_3326,0.2055274829043708
1530,2018_3276_3328,0.720239603147097
1531,2018_3276_3329,0.7963905154080477
1532,2018_3276_3332,0.2702396452334184
1533,2018_3276_3333,0.4360426425162045
1534,2018_3276_3343,0.720239603147097
1535,2018_3276_3346,0.7963905154080477
1536,2018_3276_3355,0.5722033065631891
1537,2018_3276_3370,0.8538020703505389
1538,2018_3276_3376,0.2702396452334184
1539,2018_3276_3378,0.4360426425162045
1540,2018_3276_3384,0.9305418356251416
1541,2018_3276_3390,0.29811877228459044
1542,2018_3276_3393,0.5722033065631891
1543,2018_3276_3397,0.2055274829043708
1544,2018_3276_3400,0.2702396452334184
1545,2018_3276_3401,0.29811877228459044
1546,2018_3276_3417,0.2055274829043708
1547,2018_3276_3437,0.7963905154080477
1548,2018_3276_3438,0.6938670396740322
1549,2018_3276_3443,0.7767432777588078
1550,2018_3276_3453,0.49053418760334466
1551,2018_3278_3280,0.08029039874218333
1552,2018_3278_3281,0.2702396452334184
1553,2018_3278_3294,0.49053418760334466
1554,2018_3278_3299,0.720239603147097
1555,2018_3278_3301,0.1779940242774744
1556,2018_3278_3304,0.49053418760334466
1557,2018_3278_3311,0.8328439691044018
1558,2018_3278_3323,0.08029039874218333
1559,2018_3278_3326,0.14716356624989715
1560,2018_3278_3328,0.7963905154080477
1561,2018_3278_3329,0.4360426425162045
1562,2018_3278_3332,0.15418010034476293
1563,2018_3278_3333,0.2055274829043708
1564,2018_3278_3343,0.7963905154080477
1565,2018_3278_3346,0.4360426425162045
1566,2018_3278_3355,0.23780006524289085
1567,2018_3278_3370,0.720239603147097
1568,2018_3278_3376,0.15418010034476293
1569,2018_3278_3378,0.2055274829043708
1570,2018_3278_3384,0.8328439691044018
1571,2018_3278_3390,0.1779940242774744
1572,2018_3278_3393,0.23780006524289085
1573,2018_3278_3397,0.14716356624989715
1574,2018_3278_3400,0.15418010034476293
1575,2018_3278_3401,0.1779940242774744
1576,2018_3278_3417,0.14716356624989715
1577,2018_3278_3437,0.4360426425162045
1578,2018_3278_3438,0.49053418760334466
1579,2018_3278_3443,0.5722033065631891
1580,2018_3278_3453,0.29811877228459044
1581,2018_3280_3281,0.7767432777588078
1582,2018_3280_3294,0.9305418356251416
1583,2018_3280_3299,0.9872751695087125
1584,2018_3280_3301,0.6938670396740322
1585,2018_3280_3304,0.9305418356251416
1586,2018_3280_3311,0.9930796737373059
1587,2018_3280_3323,0.49053418760334466
1588,2018_3280_3326,0.7963905154080477
1589,2018_3280_3328,0.974596634644783
1590,2018_3280_3329,0.8538020703505389
1591,2018_3280_3332,0.5722033065631891
1592,2018_3280_3333,0.720239603147097
1593,2018_3280_3343,0.974596634644783
1594,2018_3280_3346,0.8538020703505389
1595,2018_3280_3355,0.8559422632277316
1596,2018_3280_3370,0.9872751695087125
1597,2018_3280_3376,0.5722033065631891
1598,2018_3280_3378,0.720239603147097
1599,2018_3280_3384,0.9930796737373059
1600,2018_3280_3390,0.6938670396740322
1601,2018_3280_3393,0.8559422632277316
1602,2018_3280_3397,0.7963905154080477
1603,2018_3280_3400,0.5722033065631891
1604,2018_3280_3401,0.6938670396740322
1605,2018_3280_3417,0.7963905154080477
1606,2018_3280_3437,0.8538020703505389
1607,2018_3280_3438,0.9305418356251416
1608,2018_3280_3443,0.9746781411508596
1609,2018_3280_3453,0.8328439691044018
1610,2018_3281_3294,0.720239603147097
1611,2018_3281_3299,0.9746781411508596
1612,2018_3281_3301,0.4360426425162045
1613,2018_3281_3304,0.720239603147097
1614,2018_3281_3311,0.974596634644783
1615,2018_3281_3323,0.2055274829043708
1616,2018_3281_3326,0.23780006524289085
1617,2018_3281_3328,0.8559422632277316
1618,2018_3281_3329,0.7767432777588078
1619,2018_3281_3332,0.29811877228459044
1620,2018_3281_3333,0.5722033065631891
1621,2018_3281_3343,0.8559422632277316
1622,2018_3281_3346,0.7767432777588078
1623,2018_3281_3355,0.6938670396740322
1624,2018_3281_3370,0.9746781411508596
1625,2018_3281_3376,0.29811877228459044
1626,2018_3281_3378,0.5722033065631891
1627,2018_3281_3384,0.974596634644783
1628,2018_3281_3390,0.4360426425162045
1629,2018_3281_3393,0.6938670396740322
1630,2018_3281_3397,0.23780006524289085
1631,2018_3281_3400,0.29811877228459044
1632,2018_3281_3401,0.4360426425162045
1633,2018_3281_3417,0.23780006524289085
1634,2018_3281_3437,0.7767432777588078
1635,2018_3281_3438,0.720239603147097
1636,2018_3281_3443,0.8328439691044018
1637,2018_3281_3453,0.7963905154080477
1638,2018_3294_3299,0.720239603147097
1639,2018_3294_3301,0.1779940242774744
1640,2018_3294_3304,0.49053418760334466
1641,2018_3294_3311,0.8328439691044018
1642,2018_3294_3323,0.08029039874218333
1643,2018_3294_3326,0.14716356624989715
1644,2018_3294_3328,0.7963905154080477
1645,2018_3294_3329,0.4360426425162045
1646,2018_3294_3332,0.15418010034476293
1647,2018_3294_3333,0.2055274829043708
1648,2018_3294_3343,0.7963905154080477
1649,2018_3294_3346,0.4360426425162045
1650,2018_3294_3355,0.23780006524289085
1651,2018_3294_3370,0.720239603147097
1652,2018_3294_3376,0.15418010034476293
1653,2018_3294_3378,0.2055274829043708
1654,2018_3294_3384,0.8328439691044018
1655,2018_3294_3390,0.1779940242774744
1656,2018_3294_3393,0.23780006524289085
1657,2018_3294_3397,0.14716356624989715
1658,2018_3294_3400,0.15418010034476293
1659,2018_3294_3401,0.1779940242774744
1660,2018_3294_3417,0.14716356624989715
1661,2018_3294_3437,0.4360426425162045
1662,2018_3294_3438,0.49053418760334466
1663,2018_3294_3443,0.5722033065631891
1664,2018_3294_3453,0.29811877228459044
1665,2018_3299_3301,0.026576397243336863
1666,2018_3299_3304,0.2702396452334184
1667,2018_3299_3311,0.5722033065631891
1668,2018_3299_3323,0.006869885061445383
1669,2018_3299_3326,0.011969251935063926
1670,2018_3299_3328,0.29811877228459044
1671,2018_3299_3329,0.1779940242774744
1672,2018_3299_3332,0.012634506405823741
1673,2018_3299_3333,0.08029039874218333
1674,2018_3299_3343,0.29811877228459044
1675,2018_3299_3346,0.1779940242774744
1676,2018_3299_3355,0.14716356624989715
1677,2018_3299_3370,0.49053418760334466
1678,2018_3299_3376,0.012634506405823741
1679,2018_3299_3378,0.08029039874218333
1680,2018_3299_3384,0.5722033065631891
1681,2018_3299_3390,0.026576397243336863
1682,2018_3299_3393,0.14716356624989715
1683,2018_3299_3397,0.011969251935063926
1684,2018_3299_3400,0.012634506405823741
1685,2018_3299_3401,0.026576397243336863
1686,2018_3299_3417,0.011969251935063926
1687,2018_3299_3437,0.1779940242774744
1688,2018_3299_3438,0.2702396452334184
1689,2018_3299_3443,0.2055274829043708
1690,2018_3299_3453,0.15418010034476293
1691,2018_3301_3304,0.8328439691044018
1692,2018_3301_3311,0.9881173227647155
1693,2018_3301_3323,0.29811877228459044
1694,2018_3301_3326,0.4360426425162045
1695,2018_3301_3328,0.8538020703505389
1696,2018_3301_3329,0.720239603147097
1697,2018_3301_3332,0.23780006524289085
1698,2018_3301_3333,0.7963905154080477
1699,2018_3301_3343,0.8538020703505389
1700,2018_3301_3346,0.720239603147097
1701,2018_3301_3355,0.7767432777588078
1702,2018_3301_3370,0.974596634644783
1703,2018_3301_3376,0.23780006524289085
1704,2018_3301_3378,0.7963905154080477
1705,2018_3301_3384,0.9881173227647155
1706,2018_3301_3390,0.49053418760334466
1707,2018_3301_3393,0.7767432777588078
1708,2018_3301_3397,0.4360426425162045
1709,2018_3301_3400,0.23780006524289085
1710,2018_3301_3401,0.49053418760334466
1711,2018_3301_3417,0.4360426425162045
1712,2018_3301_3437,0.720239603147097
1713,2018_3301_3438,0.8328439691044018
1714,2018_3301_3443,0.8559422632277316
1715,2018_3301_3453,0.6938670396740322
1716,2018_3304_3311,0.8328439691044018
1717,2018_3304_3323,0.08029039874218333
1718,2018_3304_3326,0.14716356624989715
1719,2018_3304_3328,0.7963905154080477
1720,2018_3304_3329,0.4360426425162045
1721,2018_3304_3332,0.15418010034476293
1722,2018_3304_3333,0.2055274829043708
1723,2018_3304_3343,0.7963905154080477
1724,2018_3304_3346,0.4360426425162045
1725,2018_3304_3355,0.23780006524289085
1726,2018_3304_3370,0.720239603147097
1727,2018_3304_3376,0.15418010034476293
1728,2018_3304_3378,0.2055274829043708
1729,2018_3304_3384,0.8328439691044018
1730,2018_3304_3390,0.1779940242774744
1731,2018_3304_3393,0.23780006524289085
1732,2018_3304_3397,0.14716356624989715
1733,2018_3304_3400,0.15418010034476293
1734,2018_3304_3401,0.1779940242774744
1735,2018_3304_3417,0.14716356624989715
1736,2018_3304_3437,0.4360426425162045
1737,2018_3304_3438,0.49053418760334466
1738,2018_3304_3443,0.5722033065631891
1739,2018_3304_3453,0.29811877228459044
1740,2018_3311_3323,0.006750886500469639
1741,2018_3311_3326,0.012634506405823741
1742,2018_3311_3328,0.2055274829043708
1743,2018_3311_3329,0.14716356624989715
1744,2018_3311_3332,0.006869885061445383
1745,2018_3311_3333,0.026442458168034925
1746,2018_3311_3343,0.2055274829043708
1747,2018_3311_3346,0.14716356624989715
1748,2018_3311_3355,0.15418010034476293
1749,2018_3311_3370,0.4360426425162045
1750,2018_3311_3376,0.006869885061445383
1751,2018_3311_3378,0.026442458168034925
1752,2018_3311_3384,0.49053418760334466
1753,2018_3311_3390,0.011969251935063926
1754,2018_3311_3393,0.15418010034476293
1755,2018_3311_3397,0.012634506405823741
1756,2018_3311_3400,0.006869885061445383
1757,2018_3311_3401,0.011969251935063926
1758,2018_3311_3417,0.012634506405823741
1759,2018_3311_3437,0.14716356624989715
1760,2018_3311_3438,0.1779940242774744
1761,2018_3311_3443,0.2702396452334184
1762,2018_3311_3453,0.08029039874218333
1763,2018_3323_3326,0.7963905154080477
1764,2018_3323_3328,0.974596634644783
1765,2018_3323_3329,0.8538020703505389
1766,2018_3323_3332,0.5722033065631891
1767,2018_3323_3333,0.720239603147097
1768,2018_3323_3343,0.974596634644783
1769,2018_3323_3346,0.8538020703505389
1770,2018_3323_3355,0.8559422632277316
1771,2018_3323_3370,0.9872751695087125
1772,2018_3323_3376,0.5722033065631891
1773,2018_3323_3378,0.720239603147097
1774,2018_3323_3384,0.9930796737373059
1775,2018_3323_3390,0.6938670396740322
1776,2018_3323_3393,0.8559422632277316
1777,2018_3323_3397,0.7963905154080477
1778,2018_3323_3400,0.5722033065631891
1779,2018_3323_3401,0.6938670396740322
1780,2018_3323_3417,0.7963905154080477
1781,2018_3323_3437,0.8538020703505389
1782,2018_3323_3438,0.9305418356251416
1783,2018_3323_3443,0.9746781411508596
1784,2018_3323_3453,0.8328439691044018
1785,2018_3326_3328,0.9305418356251416
1786,2018_3326_3329,0.8328439691044018
1787,2018_3326_3332,0.4360426425162045
1788,2018_3326_3333,0.6938670396740322
1789,2018_3326_3343,0.9305418356251416
1790,2018_3326_3346,0.8328439691044018
1791,2018_3326_3355,0.720239603147097
1792,2018_3326_3370,0.9881173227647155
1793,2018_3326_3376,0.4360426425162045
1794,2018_3326_3378,0.6938670396740322
1795,2018_3326_3384,0.9867892320758203
1796,2018_3326_3390,0.5722033065631891
1797,2018_3326_3393,0.720239603147097
1798,2018_3326_3397,0.49053418760334466
1799,2018_3326_3400,0.4360426425162045
1800,2018_3326_3401,0.5722033065631891
1801,2018_3326_3417,0.49053418760334466
1802,2018_3326_3437,0.8328439691044018
1803,2018_3326_3438,0.8559422632277316
1804,2018_3326_3443,0.8538020703505389
1805,2018_3326_3453,0.7767432777588078
1806,2018_3328_3329,0.29811877228459044
1807,2018_3328_3332,0.026442458168034925
1808,2018_3328_3333,0.1779940242774744
1809,2018_3328_3343,0.49053418760334466
1810,2018_3328_3346,0.29811877228459044
1811,2018_3328_3355,0.2055274829043708
1812,2018_3328_3370,0.6938670396740322
1813,2018_3328_3376,0.026442458168034925
1814,2018_3328_3378,0.1779940242774744
1815,2018_3328_3384,0.7767432777588078
1816,2018_3328_3390,0.15418010034476293
1817,2018_3328_3393,0.2055274829043708
1818,2018_3328_3397,0.08029039874218333
1819,2018_3328_3400,0.026442458168034925
1820,2018_3328_3401,0.15418010034476293
1821,2018_3328_3417,0.08029039874218333
1822,2018_3328_3437,0.29811877228459044
1823,2018_3328_3438,0.23780006524289085
1824,2018_3328_3443,0.4360426425162045
1825,2018_3328_3453,0.2702396452334184
1826,2018_3329_3332,0.14716356624989715
1827,2018_3329_3333,0.29811877228459044
1828,2018_3329_3343,0.6938670396740322
1829,2018_3329_3346,0.49053418760334466
1830,2018_3329_3355,0.4360426425162045
1831,2018_3329_3370,0.8328439691044018
1832,2018_3329_3376,0.14716356624989715
1833,2018_3329_3378,0.29811877228459044
1834,2018_3329_3384,0.8559422632277316
1835,2018_3329_3390,0.2702396452334184
1836,2018_3329_3393,0.4360426425162045
1837,2018_3329_3397,0.1779940242774744
1838,2018_3329_3400,0.14716356624989715
1839,2018_3329_3401,0.2702396452334184
1840,2018_3329_3417,0.1779940242774744
1841,2018_3329_3437,0.49053418760334466
1842,2018_3329_3438,0.5722033065631891
1843,2018_3329_3443,0.7963905154080477
1844,2018_3329_3453,0.23780006524289085
1845,2018_3332_3333,0.7767432777588078
1846,2018_3332_3343,0.9746781411508596
1847,2018_3332_3346,0.8559422632277316
1848,2018_3332_3355,0.8328439691044018
1849,2018_3332_3370,0.9867892320758203
1850,2018_3332_3376,0.49053418760334466
1851,2018_3332_3378,0.7767432777588078
1852,2018_3332_3384,0.9872751695087125
1853,2018_3332_3390,0.7963905154080477
1854,2018_3332_3393,0.8328439691044018
1855,2018_3332_3397,0.5722033065631891
1856,2018_3332_3400,0.49053418760334466
1857,2018_3332_3401,0.7963905154080477
1858,2018_3332_3417,0.5722033065631891
1859,2018_3332_3437,0.8559422632277316
1860,2018_3332_3438,0.8538020703505389
1861,2018_3332_3443,0.9305418356251416
1862,2018_3332_3453,0.720239603147097
1863,2018_3333_3343,0.8328439691044018
1864,2018_3333_3346,0.6938670396740322
1865,2018_3333_3355,0.7963905154080477
1866,2018_3333_3370,0.9305418356251416
1867,2018_3333_3376,0.2055274829043708
1868,2018_3333_3378,0.49053418760334466
1869,2018_3333_3384,0.9746781411508596
1870,2018_3333_3390,0.23780006524289085
1871,2018_3333_3393,0.7963905154080477
1872,2018_3333_3397,0.29811877228459044
1873,2018_3333_3400,0.2055274829043708
1874,2018_3333_3401,0.23780006524289085
1875,2018_3333_3417,0.29811877228459044
1876,2018_3333_3437,0.6938670396740322
1877,2018_3333_3438,0.7767432777588078
1878,2018_3333_3443,0.720239603147097
1879,2018_3333_3453,0.5722033065631891
1880,2018_3343_3346,0.29811877228459044
1881,2018_3343_3355,0.2055274829043708
1882,2018_3343_3370,0.6938670396740322
1883,2018_3343_3376,0.026442458168034925
1884,2018_3343_3378,0.1779940242774744
1885,2018_3343_3384,0.7767432777588078
1886,2018_3343_3390,0.15418010034476293
1887,2018_3343_3393,0.2055274829043708
1888,2018_3343_3397,0.08029039874218333
1889,2018_3343_3400,0.026442458168034925
1890,2018_3343_3401,0.15418010034476293
1891,2018_3343_3417,0.08029039874218333
1892,2018_3343_3437,0.29811877228459044
1893,2018_3343_3438,0.23780006524289085
1894,2018_3343_3443,0.4360426425162045
1895,2018_3343_3453,0.2702396452334184
1896,2018_3346_3355,0.4360426425162045
1897,2018_3346_3370,0.8328439691044018
1898,2018_3346_3376,0.14716356624989715
1899,2018_3346_3378,0.29811877228459044
1900,2018_3346_3384,0.8559422632277316
1901,2018_3346_3390,0.2702396452334184
1902,2018_3346_3393,0.4360426425162045
1903,2018_3346_3397,0.1779940242774744
1904,2018_3346_3400,0.14716356624989715
1905,2018_3346_3401,0.2702396452334184
1906,2018_3346_3417,0.1779940242774744
1907,2018_3346_3437,0.49053418760334466
1908,2018_3346_3438,0.5722033065631891
1909,2018_3346_3443,0.7963905154080477
1910,2018_3346_3453,0.23780006524289085
1911,2018_3355_3370,0.8559422632277316
1912,2018_3355_3376,0.1779940242774744
1913,2018_3355_3378,0.23780006524289085
1914,2018_3355_3384,0.8538020703505389
1915,2018_3355_3390,0.2055274829043708
1916,2018_3355_3393,0.49053418760334466
1917,2018_3355_3397,0.2702396452334184
1918,2018_3355_3400,0.1779940242774744
1919,2018_3355_3401,0.2055274829043708
1920,2018_3355_3417,0.2702396452334184
1921,2018_3355_3437,0.5722033065631891
1922,2018_3355_3438,0.7963905154080477
1923,2018_3355_3443,0.6938670396740322
1924,2018_3355_3453,0.4360426425162045
1925,2018_3370_3376,0.012634506405823741
1926,2018_3370_3378,0.08029039874218333
1927,2018_3370_3384,0.5722033065631891
1928,2018_3370_3390,0.026576397243336863
1929,2018_3370_3393,0.14716356624989715
1930,2018_3370_3397,0.011969251935063926
1931,2018_3370_3400,0.012634506405823741
1932,2018_3370_3401,0.026576397243336863
1933,2018_3370_3417,0.011969251935063926
1934,2018_3370_3437,0.1779940242774744
1935,2018_3370_3438,0.2702396452334184
1936,2018_3370_3443,0.2055274829043708
1937,2018_3370_3453,0.15418010034476293
1938,2018_3376_3378,0.7767432777588078
1939,2018_3376_3384,0.9872751695087125
1940,2018_3376_3390,0.7963905154080477
1941,2018_3376_3393,0.8328439691044018
1942,2018_3376_3397,0.5722033065631891
1943,2018_3376_3400,0.49053418760334466
1944,2018_3376_3401,0.7963905154080477
1945,2018_3376_3417,0.5722033065631891
1946,2018_3376_3437,0.8559422632277316
1947,2018_3376_3438,0.8538020703505389
1948,2018_3376_3443,0.9305418356251416
1949,2018_3376_3453,0.720239603147097
1950,2018_3378_3384,0.9746781411508596
1951,2018_3378_3390,0.23780006524289085
1952,2018_3378_3393,0.7963905154080477
1953,2018_3378_3397,0.29811877228459044
1954,2018_3378_3400,0.2055274829043708
1955,2018_3378_3401,0.23780006524289085
1956,2018_3378_3417,0.29811877228459044
1957,2018_3378_3437,0.6938670396740322
1958,2018_3378_3438,0.7767432777588078
1959,2018_3378_3443,0.720239603147097
1960,2018_3378_3453,0.5722033065631891
1961,2018_3384_3390,0.011969251935063926
1962,2018_3384_3393,0.15418010034476293
1963,2018_3384_3397,0.012634506405823741
1964,2018_3384_3400,0.006869885061445383
1965,2018_3384_3401,0.011969251935063926
1966,2018_3384_3417,0.012634506405823741
1967,2018_3384_3437,0.14716356624989715
1968,2018_3384_3438,0.1779940242774744
1969,2018_3384_3443,0.2702396452334184
1970,2018_3384_3453,0.08029039874218333
1971,2018_3390_3393,0.7767432777588078
1972,2018_3390_3397,0.4360426425162045
1973,2018_3390_3400,0.23780006524289085
1974,2018_3390_3401,0.49053418760334466
1975,2018_3390_3417,0.4360426425162045
1976,2018_3390_3437,0.720239603147097
1977,2018_3390_3438,0.8328439691044018
1978,2018_3390_3443,0.8559422632277316
1979,2018_3390_3453,0.6938670396740322
1980,2018_3393_3397,0.2702396452334184
1981,2018_3393_3400,0.1779940242774744
1982,2018_3393_3401,0.2055274829043708
1983,2018_3393_3417,0.2702396452334184
1984,2018_3393_3437,0.5722033065631891
1985,2018_3393_3438,0.7963905154080477
1986,2018_3393_3443,0.6938670396740322
1987,2018_3393_3453,0.4360426425162045
1988,2018_3397_3400,0.4360426425162045
1989,2018_3397_3401,0.5722033065631891
1990,2018_3397_3417,0.49053418760334466
1991,2018_3397_3437,0.8328439691044018
1992,2018_3397_3438,0.8559422632277316
1993,2018_3397_3443,0.8538020703505389
1994,2018_3397_3453,0.7767432777588078
1995,2018_3400_3401,0.7963905154080477
1996,2018_3400_3417,0.5722033065631891
1997,2018_3400_3437,0.8559422632277316
1998,2018_3400_3438,0.8538020703505389
1999,2018_3400_3443,0.9305418356251416
2000,2018_3400_3453,0.720239603147097
2001,2018_3401_3417,0.4360426425162045
2002,2018_3401_3437,0.720239603147097
2003,2018_3401_3438,0.8328439691044018
2004,2018_3401_3443,0.8559422632277316
2005,2018_3401_3453,0.6938670396740322
2006,2018_3417_3437,0.8328439691044018
2007,2018_3417_3438,0.8559422632277316
2008,2018_3417_3443,0.8538020703505389
2009,2018_3417_3453,0.7767432777588078
2010,2018_3437_3438,0.5722033065631891
2011,2018_3437_3443,0.7963905154080477
2012,2018_3437_3453,0.23780006524289085
2013,2018_3438_3443,0.5722033065631891
2014,2018_3438_3453,0.29811877228459044
2015,2018_3443_3453,0.2055274829043708
